{"cameraMode":{"drawMode":0,"name":"Shaded","section":"Shading Mode"},"sceneLighting":false,"audioPlay":false,"sceneViewState":{"m_AlwaysRefresh":false,"showFog":true,"showSkybox":false,"showFlares":true,"showImageEffects":true,"showParticleSystems":true,"showVisualEffectGraphs":true,"m_FxEnabled":true},"in2DMode":false,"pivot":{"x":3.725290298461914e-9,"y":-0.018331527709960939,"z":-2.9802322387695315e-8},"rotation":{"x":0.13863058388233186,"y":-0.3928709328174591,"z":0.06054968759417534,"w":0.9074116945266724},"size":0.9906874895095825,"orthographic":false}