{"cameraMode":{"drawMode":0,"name":"Shaded","section":"Shading Mode"},"sceneLighting":false,"audioPlay":false,"sceneViewState":{"m_AlwaysRefresh":false,"showFog":true,"showSkybox":false,"showFlares":true,"showImageEffects":true,"showParticleSystems":true,"showVisualEffectGraphs":true,"m_FxEnabled":true},"in2DMode":false,"pivot":{"x":-0.20781683921813966,"y":2.259809970855713,"z":-0.027688704431056978},"rotation":{"x":0.27072983980178835,"y":0.6619124412536621,"z":-0.2772257328033447,"w":0.6420093178749085},"size":0.666608989238739,"orthographic":false}