{"cameraMode":{"drawMode":0,"name":"Shaded","section":"Shading Mode"},"sceneLighting":true,"audioPlay":false,"sceneViewState":{"m_AlwaysRefresh":false,"showFog":true,"showSkybox":true,"showFlares":true,"showImageEffects":true,"showParticleSystems":true,"showVisualEffectGraphs":true,"m_FxEnabled":true},"in2DMode":false,"pivot":{"x":-19.98177719116211,"y":0.8792162537574768,"z":-4.3502092361450199},"rotation":{"x":-0.010757889598608017,"y":-0.9777559638023377,"z":0.04404483363032341,"w":-0.20677414536476136},"size":3.9677460193634035,"orthographic":false}