{"cameraMode":{"drawMode":0,"name":"Shaded","section":"Shading Mode"},"sceneLighting":true,"audioPlay":false,"sceneViewState":{"m_AlwaysRefresh":false,"showFog":true,"showSkybox":true,"showFlares":true,"showImageEffects":true,"showParticleSystems":true,"showVisualEffectGraphs":true,"m_FxEnabled":true},"in2DMode":false,"pivot":{"x":0.14117339253425599,"y":0.7955758571624756,"z":6.657289028167725},"rotation":{"x":0.07572616636753082,"y":-0.3860783576965332,"z":0.033405181020498279,"w":0.919191300868988},"size":3.9677460193634035,"orthographic":false}