{"cameraMode":{"drawMode":0,"name":"Shaded","section":"Shading Mode"},"sceneLighting":false,"audioPlay":false,"sceneViewState":{"m_AlwaysRefresh":false,"showFog":true,"showSkybox":false,"showFlares":true,"showImageEffects":true,"showParticleSystems":true,"showVisualEffectGraphs":true,"m_FxEnabled":true},"in2DMode":false,"pivot":{"x":0.0972599983215332,"y":0.7179145812988281,"z":0.01563677191734314},"rotation":{"x":0.1253221184015274,"y":0.8334046602249146,"z":-0.20752616226673127,"w":0.49710747599601748},"size":0.5540122985839844,"orthographic":false}